handedness,mean_HR,mean_avg,median_HR,median_avg
B,32.1442307692,0.205048076923,13.0,0.2405
L,56.1487341772,0.204512658228,23.5,0.248
R,42.5983717775,0.176620081411,14.0,0.233